mysql> insert into users (name) values ("pramod"), ("ankit"), ("jatin"), ("sahil"), ("divya"), ("rahul"), ("vijay"), ("manav"), ("praful"), ("ankur"), ("amit");
Query OK, 11 rows affected (0.10 sec)
Records: 11  Duplicates: 0  Warnings: 0

mysql> insert into users (name) values ("kulraj"), ("sridhar"), ("vikram"), ("vimal"), ("rajneesh"), ("rakesh"), ("aditya"), ("sarju"), ("rishi"), ("sumit");
Query OK, 10 rows affected (0.06 sec)
Records: 10  Duplicates: 0  Warnings: 0

mysql> select * from users;
+------------+----------+
| id         | name     |
+------------+----------+
| 0000000001 | pramod   |
| 0000000002 | ankit    |
| 0000000003 | jatin    |
| 0000000004 | sahil    |
| 0000000005 | divya    |
| 0000000006 | rahul    |
| 0000000007 | vijay    |
| 0000000008 | manav    |
| 0000000009 | praful   |
| 0000000010 | ankur    |
| 0000000011 | amit     |
| 0000000012 | kulraj   |
| 0000000013 | sridhar  |
| 0000000014 | vikram   |
| 0000000015 | vimal    |
| 0000000016 | rajneesh |
| 0000000017 | rakesh   |
| 0000000018 | aditya   |
| 0000000019 | sarju    |
| 0000000020 | rishi    |
| 0000000021 | sumit    |
+------------+----------+
21 rows in set (0.00 sec)


mysql> insert into friends values (1,2), (1,3), (1,4), (1,5), (2,1), (2,3), (2,4), (2,5), (3,1), (3,2), (3,4), (3,5), (4,1), (4,2), (4,3), (4,5), (5,1), (5,2), (5,3), (5,4), (6,7), (6,8), (7,6), (7,8), (8,6), (8,7), (9,10), (9,11), (10,9), (10,11), (11,9), (11,10), (12,13), (12,14), (12,15), (13,12), (13,15), (14,12), (15,12), (15,13), (16,17), (16, 18), (17,16), (17, 18), (18,16), (18,17), (12,19), (19,12), (20,21), (21,20);
Query OK, 50 rows affected (0.08 sec)
Records: 50  Duplicates: 0  Warnings: 0

mysql> select * from friends;
+------------+------------+----+
| user_id    | friend     | id |
+------------+------------+----+
| 0000000001 | 0000000002 |  1 |
| 0000000001 | 0000000003 |  2 |
| 0000000001 | 0000000004 |  3 |
| 0000000001 | 0000000005 |  4 |
| 0000000002 | 0000000001 |  5 |
| 0000000002 | 0000000003 |  6 |
| 0000000002 | 0000000004 |  7 |
| 0000000002 | 0000000005 |  8 |
| 0000000003 | 0000000001 |  9 |
| 0000000003 | 0000000002 | 10 |
| 0000000003 | 0000000004 | 11 |
| 0000000003 | 0000000005 | 12 |
| 0000000004 | 0000000001 | 13 |
| 0000000004 | 0000000002 | 14 |
| 0000000004 | 0000000003 | 15 |
| 0000000004 | 0000000005 | 16 |
| 0000000005 | 0000000001 | 17 |
| 0000000005 | 0000000002 | 18 |
| 0000000005 | 0000000003 | 19 |
| 0000000005 | 0000000004 | 20 |
| 0000000006 | 0000000007 | 21 |
| 0000000006 | 0000000008 | 22 |
| 0000000007 | 0000000006 | 23 |
| 0000000007 | 0000000008 | 24 |
| 0000000008 | 0000000006 | 25 |
| 0000000008 | 0000000007 | 26 |
| 0000000009 | 0000000010 | 27 |
| 0000000009 | 0000000011 | 28 |
| 0000000010 | 0000000009 | 29 |
| 0000000010 | 0000000011 | 30 |
| 0000000011 | 0000000009 | 31 |
| 0000000011 | 0000000010 | 32 |
| 0000000012 | 0000000013 | 33 |
| 0000000012 | 0000000014 | 34 |
| 0000000012 | 0000000015 | 35 |
| 0000000012 | 0000000019 | 36 |
| 0000000013 | 0000000012 | 37 |
| 0000000013 | 0000000015 | 38 |
| 0000000014 | 0000000012 | 39 |
| 0000000015 | 0000000012 | 40 |
| 0000000015 | 0000000013 | 41 |
| 0000000016 | 0000000017 | 42 |
| 0000000016 | 0000000018 | 43 |
| 0000000017 | 0000000016 | 44 |
| 0000000017 | 0000000018 | 45 |
| 0000000018 | 0000000016 | 46 |
| 0000000018 | 0000000017 | 47 |
| 0000000019 | 0000000012 | 48 |
| 0000000020 | 0000000021 | 49 |
| 0000000021 | 0000000020 | 50 |
+------------+------------+----+
50 rows in set (0.00 sec)



mysql> insert into images (image_user) values (1), (1), (2), (3), (3), (4), (4), (4), (5), (5), (6), (7), (8), (8), (8), (10), (10), (10), (11), (13), (12), (13), (14), (14), (14), (15), (15), (15), (16), (16), (16), (16), (17), (17), (17), (18), (18), (18), (19), (19), (19), (19), (20), (20), (20), (20), (20), (21), (21), (21);
Query OK, 50 rows affected (0.05 sec)
Records: 50  Duplicates: 0  Warnings: 0

mysql> select * from images;
+------------+------------+
| id         | image_user |
+------------+------------+
| 0000000001 | 0000000001 |
| 0000000002 | 0000000001 |
| 0000000003 | 0000000002 |
| 0000000004 | 0000000003 |
| 0000000005 | 0000000003 |
| 0000000006 | 0000000004 |
| 0000000007 | 0000000004 |
| 0000000008 | 0000000004 |
| 0000000009 | 0000000005 |
| 0000000010 | 0000000005 |
| 0000000011 | 0000000006 |
| 0000000012 | 0000000007 |
| 0000000013 | 0000000008 |
| 0000000014 | 0000000008 |
| 0000000015 | 0000000008 |
| 0000000016 | 0000000010 |
| 0000000017 | 0000000010 |
| 0000000018 | 0000000010 |
| 0000000019 | 0000000011 |
| 0000000020 | 0000000013 |
| 0000000021 | 0000000012 |
| 0000000022 | 0000000013 |
| 0000000023 | 0000000014 |
| 0000000024 | 0000000014 |
| 0000000025 | 0000000014 |
| 0000000026 | 0000000015 |
| 0000000027 | 0000000015 |
| 0000000028 | 0000000015 |
| 0000000029 | 0000000016 |
| 0000000030 | 0000000016 |
| 0000000031 | 0000000016 |
| 0000000032 | 0000000016 |
| 0000000033 | 0000000017 |
| 0000000034 | 0000000017 |
| 0000000035 | 0000000017 |
| 0000000036 | 0000000018 |
| 0000000037 | 0000000018 |
| 0000000038 | 0000000018 |
| 0000000039 | 0000000019 |
| 0000000040 | 0000000019 |
| 0000000041 | 0000000019 |
| 0000000042 | 0000000019 |
| 0000000043 | 0000000020 |
| 0000000044 | 0000000020 |
| 0000000045 | 0000000020 |
| 0000000046 | 0000000020 |
| 0000000047 | 0000000020 |
| 0000000048 | 0000000021 |
| 0000000049 | 0000000021 |
| 0000000050 | 0000000021 |
+------------+------------+
50 rows in set (0.00 sec)



mysql> insert into tags values (1,2), (1,3), (1,4), (2,3), (2,4), (4,6), (4,3), (5,1), (5,2), (6,3), (6,4), (7,1), (7,2), (8,5), (8,3), (9,2), (9,4), (10,4), (10,2), (11,7), (11,8), (12,8), (13,6), (13,8), (14,6), (15,7), (16,10), (17,11), (18,12), (19,10), (20,10), (21,12), (22,15), (23,13), (24,12), (25,14), (26,14), (27,14), (28,15), (29,13), (30,14), (31,15), (32,14), (33,15), (34,13), (35,16), (36,15), (37,13), (38,14), (37,16), (38,16), (39,15), (40,17), (41,17), (42,18), (43,19), (44,21);
Query OK, 57 rows affected (0.06 sec)
Records: 57  Duplicates: 0  Warnings: 0

mysql> select * from tags;
+------------+------------+----+
| image_id   | tagged     | id |
+------------+------------+----+
| 0000000001 | 0000000002 |  1 |
| 0000000001 | 0000000003 |  2 |
| 0000000001 | 0000000004 |  3 |
| 0000000002 | 0000000003 |  4 |
| 0000000002 | 0000000004 |  5 |
| 0000000004 | 0000000006 |  6 |
| 0000000004 | 0000000003 |  7 |
| 0000000005 | 0000000001 |  8 |
| 0000000005 | 0000000002 |  9 |
| 0000000006 | 0000000003 | 10 |
| 0000000006 | 0000000004 | 11 |
| 0000000007 | 0000000001 | 12 |
| 0000000007 | 0000000002 | 13 |
| 0000000008 | 0000000005 | 14 |
| 0000000008 | 0000000003 | 15 |
| 0000000009 | 0000000002 | 16 |
| 0000000009 | 0000000004 | 17 |
| 0000000010 | 0000000004 | 18 |
| 0000000010 | 0000000002 | 19 |
| 0000000011 | 0000000007 | 20 |
| 0000000011 | 0000000008 | 21 |
| 0000000012 | 0000000008 | 22 |
| 0000000013 | 0000000006 | 23 |
| 0000000013 | 0000000008 | 24 |
| 0000000014 | 0000000006 | 25 |
| 0000000015 | 0000000007 | 26 |
| 0000000016 | 0000000010 | 27 |
| 0000000017 | 0000000011 | 28 |
| 0000000018 | 0000000012 | 29 |
| 0000000019 | 0000000010 | 30 |
| 0000000020 | 0000000010 | 31 |
| 0000000021 | 0000000012 | 32 |
| 0000000022 | 0000000015 | 33 |
| 0000000023 | 0000000013 | 34 |
| 0000000024 | 0000000012 | 35 |
| 0000000025 | 0000000014 | 36 |
| 0000000026 | 0000000014 | 37 |
| 0000000027 | 0000000014 | 38 |
| 0000000028 | 0000000015 | 39 |
| 0000000029 | 0000000013 | 40 |
| 0000000030 | 0000000014 | 41 |
| 0000000031 | 0000000015 | 42 |
| 0000000032 | 0000000014 | 43 |
| 0000000033 | 0000000015 | 44 |
| 0000000034 | 0000000013 | 45 |
| 0000000035 | 0000000016 | 46 |
| 0000000036 | 0000000015 | 47 |
| 0000000037 | 0000000013 | 48 |
| 0000000038 | 0000000014 | 49 |
| 0000000037 | 0000000016 | 50 |
| 0000000038 | 0000000016 | 51 |
| 0000000039 | 0000000015 | 52 |
| 0000000040 | 0000000017 | 53 |
| 0000000041 | 0000000017 | 54 |
| 0000000042 | 0000000018 | 55 |
| 0000000043 | 0000000019 | 56 |
| 0000000044 | 0000000021 | 57 |
+------------+------------+----+
57 rows in set (0.00 sec)


